{"assets/images/9mobile.png":["assets/images/9mobile.png"],"assets/images/AEDC.png":["assets/images/AEDC.png"],"assets/images/EEDC.png":["assets/images/EEDC.png"],"assets/images/EKEDC.png":["assets/images/EKEDC.png"],"assets/images/IBEDC.png":["assets/images/IBEDC.png"],"assets/images/IKEDC.png":["assets/images/IKEDC.png"],"assets/images/JED.png":["assets/images/JED.png"],"assets/images/KAEDCO (1).png":["assets/images/KAEDCO (1).png"],"assets/images/KAEDCO.png":["assets/images/KAEDCO.png"],"assets/images/Monnify - logo.png":["assets/images/Monnify - logo.png"],"assets/images/PHED.png":["assets/images/PHED.png"],"assets/images/airtel.png":["assets/images/airtel.png"],"assets/images/all_networks.png":["assets/images/all_networks.png"],"assets/images/becomeaseller.png":["assets/images/becomeaseller.png"],"assets/images/cable.jpg":["assets/images/cable.jpg"],"assets/images/contact-list.png":["assets/images/contact-list.png"],"assets/images/data-pin.png":["assets/images/data-pin.png"],"assets/images/data.jpg":["assets/images/data.jpg"],"assets/images/forty_per_off.png":["assets/images/forty_per_off.png"],"assets/images/glo.png":["assets/images/glo.png"],"assets/images/graduation-cap.png":["assets/images/graduation-cap.png"],"assets/images/history.svg":["assets/images/history.svg"],"assets/images/home (1).svg":["assets/images/home (1).svg"],"assets/images/logo-1.png":["assets/images/logo-1.png"],"assets/images/logo-1.svg":["assets/images/logo-1.svg"],"assets/images/logo-1_1.png":["assets/images/logo-1_1.png"],"assets/images/man-showing-heart-shape.png":["assets/images/man-showing-heart-shape.png"],"assets/images/metaverse.png":["assets/images/metaverse.png"],"assets/images/mtn.png":["assets/images/mtn.png"],"assets/images/networks.jpg":["assets/images/networks.jpg"],"assets/images/payfromhome.png":["assets/images/payfromhome.png"],"assets/images/paystack.png":["assets/images/paystack.png"],"assets/images/payvessel.png":["assets/images/payvessel.png"],"assets/images/paywithcardnbank.png":["assets/images/paywithcardnbank.png"],"assets/images/pic-2.png":["assets/images/pic-2.png"],"assets/images/play_store_512.png":["assets/images/play_store_512.png"],"assets/images/profile (1).svg":["assets/images/profile (1).svg"],"assets/images/receiptforall.png":["assets/images/receiptforall.png"],"assets/images/recharge-card-printer.png":["assets/images/recharge-card-printer.png"],"assets/images/reward.svg":["assets/images/reward.svg"],"assets/images/savemorespendless.png":["assets/images/savemorespendless.png"],"assets/images/sharewithfriends.png":["assets/images/sharewithfriends.png"],"assets/images/splash (1).png":["assets/images/splash (1).png"],"assets/images/splash.png":["assets/images/splash.png"],"assets/images/stay_connected.png":["assets/images/stay_connected.png"],"assets/images/style.png":["assets/images/style.png"],"assets/images/styles2.png":["assets/images/styles2.png"],"packages/cupertino_icons/assets/CupertinoIcons.ttf":["packages/cupertino_icons/assets/CupertinoIcons.ttf"]}